{
    "editor_themes": {
        "zed_dark": {
            "name": "Zed Dark",
            "dark": true,
            "cssClass": "ace-zeddark",
            "css": "/default/editor_theme/zed_dark.css"
        },
        "chrome": {
            "name": "Chrome",
            "dark": false,
            "cssClass": "ace-chrome",
            "css": "/default/editor_theme/chrome.css"
        },
        "clouds": {
            "name": "Clouds",
            "dark": false,
            "cssClass": "ace-clouds",
            "css": "/default/editor_theme/clouds.css"
        },
        "crimson_editor": {
            "name": "Crimson Editor",
            "dark": false,
            "cssClass": "ace-crimson-editor",
            "css": "/default/editor_theme/crimson_editor.css"
        },
        "dawn": {
            "name": "Dawn",
            "dark": false,
            "cssClass": "ace-dawn",
            "css": "/default/editor_theme/dawn.css"
        },
        "dreamweaver": {
            "name": "Dreamweaver",
            "dark": false,
            "cssClass": "ace-dreamweaver",
            "css": "/default/editor_theme/dreamweaver.css"
        },
        "eclipse": {
            "name": "Eclipse",
            "dark": false,
            "cssClass": "ace-eclipse",
            "css": "/default/editor_theme/eclipse.css"
        },
        "github": {
            "name": "Github",
            "dark": false,
            "cssClass": "ace-github",
            "css": "/default/editor_theme/github.css"
        },
        "solarized_light": {
            "name": "Solarized Light",
            "dark": false,
            "cssClass": "ace-solarized-light",
            "css": "/default/editor_theme/solarized_light.css"
        },
        "textmate": {
            "name": "Textmate",
            "dark": false,
            "cssClass": "ace-tm",
            "css": "/default/editor_theme/textmate.css"
        },
        "tomorrow": {
            "name": "Tomorrow",
            "dark": false,
            "cssClass": "ace-tomorrow",
            "css": "/default/editor_theme/tomorrow.css"
        },
        "xcode": {
            "name": "XCode",
            "dark": false,
            "cssClass": "ace-xcode",
            "css": "/default/editor_theme/xcode.css"
        },
        "kuroir": {
            "name": "Kuroir",
            "dark": false,
            "cssClass": "ace-kuroir",
            "css": "/default/editor_theme/kuroir.css"
        },
        "katzenmilch": {
            "name": "Katzenmilch",
            "dark": false,
            "cssClass": "ace-katzenmilch",
            "css": "/default/editor_theme/katzenmilch.css"
        },
        "ambiance": {
            "name": "Ambiance",
            "dark": true,
            "cssClass": "ace-ambiance",
            "css": "/default/editor_theme/ambiance.css"
        },
        "chaos": {
            "name": "Chaos",
            "dark": true,
            "cssClass": "ace-chaos",
            "css": "/default/editor_theme/chaos.css"
        },
        "clouds_midnight": {
            "name": "Clouds Midnight",
            "dark": true,
            "cssClass": "ace-clouds-midnight",
            "css": "/default/editor_theme/clouds_midnight.css"
        },
        "cobalt": {
            "name": "Cobalt",
            "dark": true,
            "cssClass": "ace-cobalt",
            "css": "/default/editor_theme/cobalt.css"
        },
        "idle_fingers": {
            "name": "Idle Fingers",
            "dark": true,
            "cssClass": "ace-idle-fingers",
            "css": "/default/editor_theme/idle_fingers.css"
        },
        "kr_theme": {
            "name": "krTheme",
            "dark": true,
            "cssClass": "ace-kr-theme",
            "css": "/default/editor_theme/kr_theme.css"
        },
        "merbivore": {
            "name": "Merbivore",
            "dark": true,
            "cssClass": "ace-merbivore",
            "css": "/default/editor_theme/merbivore.css"
        },
        "merbivore_soft": {
            "name": "Merbivore Soft",
            "dark": true,
            "cssClass": "ace-merbivore-soft",
            "css": "/default/editor_theme/merbivore_soft.css"
        },
        "mono_industrial": {
            "name": "Mono Industrial",
            "dark": true,
            "cssClass": "ace-mono-industrial",
            "css": "/default/editor_theme/mono_industrial.css"
        },
        "monokai": {
            "name": "Monokai",
            "dark": true,
            "cssClass": "ace-monokai",
            "css": "/default/editor_theme/monokai.css"
        },
        "pastel_on_dark": {
            "name": "Pastel on Dark",
            "dark": true,
            "cssClass": "ace-pastel-on-dark",
            "css": "/default/editor_theme/pastel_on_dark.css"
        },
        "solarized_dark": {
            "name": "Solarized Dark",
            "dark": true,
            "cssClass": "ace-solarized-dark",
            "css": "/default/editor_theme/solarized_dark.css"
        },
        "terminal": {
            "name": "Terminal",
            "dark": true,
            "cssClass": "ace-terminal-theme",
            "css": "/default/editor_theme/terminal.css"
        },
        "tomorrow_night": {
            "name": "Tomorrow Night",
            "dark": true,
            "cssClass": "ace-tomorrow-night",
            "css": "/default/editor_theme/tomorrow_night.css"
        },
        "tomorrow_night_blue": {
            "name": "Tomorrow Night Blue",
            "dark": true,
            "cssClass": "ace-tomorrow-night-blue",
            "css": "/default/editor_theme/tomorrow_night_blue.css"
        },
        "tomorrow_night_bright": {
            "name": "Tomorrow Night Bright",
            "dark": true,
            "cssClass": "ace-tomorrow-night-bright",
            "css": "/default/editor_theme/tomorrow_night_bright.css"
        },
        "tomorrow_night_eighties": {
            "name": "Tomorrow Night 80s",
            "dark": true,
            "cssClass": "ace-tomorrow-night-eighties",
            "css": "/default/editor_theme/tomorrow_night_eighties.css"
        },
        "twilight": {
            "name": "Twilight",
            "dark": true,
            "cssClass": "ace-twilight",
            "css": "/default/editor_theme/twilight.css"
        },
        "vibrant_ink": {
            "name": "Vibrant Ink",
            "dark": true,
            "cssClass": "ace-vibrant-ink",
            "css": "/default/editor_theme/vibrant_ink.css"
        },
        "base16": {
            "name": "Base 16",
            "dark": true,
            "cssClass": "base16-default",
            "css": "/default/editor_theme/base16-default.css"
        }
    }
}
