{
    "keys": {
        "Zed:Quit": {
            "mac": "Command-Q",
            "win": "Ctrl-Q"
        },
        "File:New": {
            "mac": "Command-N",
            "win": "Ctrl-N"
        },
        "Navigate:Goto": {
            "mac": "Command-E",
            "win": "Ctrl-E"
        },
        "Navigate:Lookup Symbol": {
            "win": "Ctrl-J",
            "mac": "Command-J"
        },
        "Navigate:Last Edit Point": "Alt-Shift-E",
        "Select:All": {
            "win": "Ctrl-A",
            "mac": "Command-A"
        },
        "Select:None": "Esc",
        "Select:Up": "Shift-Up|Alt-Shift-K",
        "Select:To File Start": {
            "mac": "Command-Shift-Up",
            "win": "Ctrl-Shift-Home"
        },
        "Select:To File End": {
            "mac": "Command-Shift-Down",
            "win": "Ctrl-Shift-End"
        },
        "Select:Word Right": {
            "mac": "Option-Shift-Right|Alt-Shift-W",
            "win": "Ctrl-Shift-Right|Alt-Shift-W"
        },
        "Select:Word Left": {
            "mac": "Option-Shift-Left|Alt-Shift-B",
            "win": "Ctrl-Shift-Left|Alt-Shift-B"
        },
        "Select:To Line Start": {
            "mac": "Command-Shift-Left|Shift-Home",
            "win": "Alt-Shift-Left|Shift-Home"
        },
        "Select:Down": "Shift-Down|Alt-Shift-J",
        "Select:Left": "Shift-Left|Alt-Shift-H",
        "Select:Right": "Shift-Right|Alt-Shift-L",
        "Select:Page Down": "Shift-PageDown",
        "Select:Page Up": "Shift-PageUp",
        "Select:Paragraph": "Alt-P",
        "Select:To Matching Brace": "Ctrl-Shift-5",
        "Select:Duplicate": {
            "win": "Ctrl-Shift-D",
            "mac": "Command-Shift-D"
        },
        "Select:To Line End": {
            "win": "Alt-Shift-Right|Shift-End",
            "mac": "Command-Shift-Right|Shift-End"
        },
        "Cursor:To Matching Brace": "Ctrl-5",
        "Find:Find": {
            "win": "Ctrl-F",
            "mac": "Command-F"
        },
        "Find:Next": {
            "win": "Ctrl-G",
            "mac": "Command-G"
        },
        "Find:Previous": {
            "mac": "Command-Shift-G",
            "win": "Ctrl-Shift-G"
        },
        "Find:All": "Ctrl-Alt-F",
        "Find:Find In Project": {
            "mac": "Command-Shift-F",
            "win": "Ctrl-Shift-F"
        },
        "Navigate:Line": {
            "win": "Ctrl-L",
            "mac": "Command-L"
        },
        "Help:Commands": "F1",
        "Edit:Open Line Above": "Alt-Enter|Alt-Shift-O",
        "Edit:Open Line Below": "Shift-Enter|Alt-O",
        "Edit:Overwrite Mode": "Insert",
        "Edit:Remove Word Left": {
            "win": "Ctrl-Backspace",
            "mac": "Alt-Backspace"
        },
        "Edit:Remove Word Right": {
            "win": "Ctrl-Delete|Alt-D",
            "mac": "Alt-D|Alt-Delete"
        },
        "Cursor:File Start": {
            "mac": "Command-Up",
            "win": "Ctrl-Home"
        },
        "Cursor:File End": {
            "mac": "Command-Down|Alt-Shift-G",
            "win": "Ctrl-End|Alt-Shift-G"
        },
        "Cursor:Paragraph Up": "Ctrl-PageUp",
        "Cursor:Paragraph Down": "Ctrl-PageDown",
        "Cursor:Up": {
            "mac": "Up|Ctrl-P|Alt-K",
            "win": "Up|Alt-K"
        },
        "Cursor:Down": {
            "mac": "Down|Ctrl-N|Alt-J",
            "win": "Down|Alt-J"
        },
        "Cursor:Word Right": {
            "mac": "Option-Right|Alt-F|Alt-W",
            "win": "Ctrl-Right|Alt-W"
        },
        "Cursor:Word Left": {
            "mac": "Option-Left|Alt-B",
            "win": "Ctrl-Left|Alt-B"
        },
        "Cursor:Line Start": {
            "mac": "Command-Left|Home|Ctrl-A|Alt-0|Alt-Shift-6",
            "win": "Alt-Left|Home|Alt-0|Alt-Shift-6"
        },
        "Cursor:Left": {
            "mac": "Left|Ctrl-B|Alt-H",
            "win": "Left|Alt-H"
        },
        "Cursor:Line End": {
            "win": "Alt-Right|End|Alt-Shift-4",
            "mac": "Command-Right|End|Ctrl-E|Alt-Shift-4"
        },
        "Cursor:Right": {
            "win": "Right|Alt-L",
            "mac": "Right|Ctrl-F|Alt-L"
        },
        "Cursor:Page Down": {
            "win": "PageDown",
            "mac": "PageDown|Ctrl-V"
        },
        "Cursor:Page Up": {
            "win": "PageUp",
            "mac": "PageUp|Alt-V"
        },
        "Cursor:Center": {
            "mac": "Ctrl-L"
        },
        "Cursor:Multiple:Add Above": {
            "win": "Ctrl-Shift-Up|Ctrl-Alt-K",
            "mac": "Ctrl-Alt-Up|Ctrl-Alt-K"
        },
        "Cursor:Multiple:Add Below": {
            "win": "Ctrl-Shift-Down|Ctrl-Alt-J",
            "mac": "Ctrl-Alt-Down|Ctrl-Alt-J"
        },
        "Cursor:Multiple:Add Above Skip Current": "Ctrl-Alt-Shift-Up",
        "Cursor:Multiple:Add Below Skip Current": "Ctrl-Alt-Shift-Down",
        "Cursor:Multiple:Add At Next Instance Of Identifier": {
            "win": "Ctrl-Shift-]|Ctrl-Alt-L",
            "mac": "Command-Shift-]|Ctrl-Alt-L"
        },
        "Cursor:Multiple:Add At Previous Instance Of Identifier": {
            "win": "Ctrl-Shift-[|Ctrl-Alt-H",
            "mac": "Command-Shift-[|Ctrl-Alt-H"
        },
        "Scroll:Page Up": "Option-PageUp",
        "Scroll:Page Down": "Option-PageDown",
        "Scroll:Up": {
            "win": "Ctrl-Up"
        },
        "Scroll:Down": {
            "win": "Ctrl-Down"
        },
        "Edit:Copy Lines Up": {
            "win": "Alt-Shift-Up",
            "mac": "Command-Option-Up"
        },
        "Edit:Move Lines Up": {
            "win": "Alt-Up",
            "mac": "Option-Up"
        },
        "Edit:Copy Lines Down": {
            "win": "Alt-Shift-Down",
            "mac": "Command-Option-Down"
        },
        "Edit:Move Lines Down": {
            "win": "Alt-Down",
            "mac": "Option-Down"
        },
        "Macro:Toggle Recording": {
            "win": "Ctrl-Alt-E",
            "mac": "Command-Option-E"
        },
        "Macro:Replay": {
            "win": "Ctrl-Shift-R",
            "mac": "Command-Option-R"
        },
        "Edit:Remove Line": {
            "win": "Ctrl-D",
            "mac": "Command-D"
        },
        "Edit:Toggle Comment": {
            "win": "Ctrl-/",
            "mac": "Command-/"
        },
        "Edit:Undo": {
            "win": "Ctrl-Z",
            "mac": "Command-Z"
        },
        "Edit:Redo": {
            "win": "Ctrl-Shift-Z|Ctrl-Y",
            "mac": "Command-Shift-Z|Command-Y"
        },
        "Edit:Delete": {
            "win": "Delete",
            "mac": "Delete|Ctrl-D"
        },
        "Edit:Backspace": {
            "win": "Shift-Backspace|Backspace",
            "mac": "Shift-Backspace|Backspace|Ctrl-H"
        },
        "Edit:Remove To Line Start": {
            "win": "Alt-Backspace",
            "mac": "Command-Backspace"
        },
        "Edit:Remove To Line End": {
            "mac": "Ctrl-K"
        },
        "Edit:Outdent": "Shift-Tab",
        "Edit:Uppercase": "Ctrl-U",
        "Edit:Lowercase": "Ctrl-Shift-U",
        "Edit:Complete": "Tab",
        "Navigate:Lookup Symbol Under Cursor": {
            "win": "Ctrl-Shift-J",
            "mac": "Command-Shift-J"
        },
        "Navigate:Lookup Symbol In File": {
            "win": "Ctrl-R",
            "mac": "Command-R"
        },
        "Navigate:Path Under Cursor": {
            "mac": "Command-Shift-E",
            "win": "Ctrl-Shift-E"
        },
        "Navigate:Reload Filelist": {
            "mac": "Command-Shift-L|F5",
            "win": "Ctrl-Shift-L|F5"
        },
        "Find:Next Instance Of Identifier": {
            "mac": "Command-]",
            "win": "Ctrl-]"
        },
        "Find:Previous Instance Of Identifier": {
            "mac": "Command-[",
            "win": "Ctrl-["
        },
        "Command:Enter Command": {
            "mac": "Command-.",
            "win": "Ctrl-."
        },
        "Split:One": {
            "mac": "Command-1",
            "win": "Ctrl-1"
        },
        "Split:Vertical Two": {
            "mac": "Command-2",
            "win": "Ctrl-2"
        },
        "Split:Vertical Three": {
            "mac": "Command-3",
            "win": "Ctrl-3"
        },
        "Split:Switch Focus": {
            "mac": "Command-0",
            "win": "Ctrl-0"
        },
        "Split:Move To First": {
            "mac": "Command-Ctrl-1",
            "win": "Ctrl-Shift-1"
        },
        "Split:Move To Second": {
            "mac": "Command-Ctrl-2",
            "win": "Ctrl-Shift-2"
        },
        "Split:Move To Third": {
            "mac": "Command-Ctrl-3",
            "win": "Ctrl-Shift-3"
        },
        "Navigate:File Tree": {
            "mac": "Alt-T|Command-T",
            "win": "Alt-T|Ctrl-T"
        },
        "Tools:Beautify": {
            "mac": "Command-Shift-B",
            "win": "Ctrl-Shift-B"
        },
        "Tools:Action": {
            "mac": "Command-Enter",
            "win": "Ctrl-Enter"
        },
        "Tools:Document Statistics": "F2",
        "Split:Preview": {
            "mac": "Command-P",
            "win": "Ctrl-P"
        },
        "Window:New": {
            "mac": "Command-Shift-N",
            "win": "Ctrl-Shift-N"
        },
        "Window:Close": {
            "mac": "Command-W",
            "win": "Alt-F4|Ctrl-W"
        },
        "Window:List": {
            "mac": "Command-Shift-P",
            "win": "Ctrl-Shift-P"
        },
        "Window:Fullscreen": {
          "mac": "Command+Ctrl+F",
          "win": "F11"
        },
        "Configuration:Preferences:Increase Font Size": {
            "mac": "Command-=",
            "win": "Ctrl-+"
        },
        "Configuration:Preferences:Decrease Font Size": {
            "mac": "Command--",
            "win": "Ctrl--"
        },
        "Configuration:Open Configuration Project": {
            "mac": "Command-Shift-,",
            "win": "Ctrl-Shift-,"
        },
        "Project:Open Project Picker": {
            "mac": "Command-Shift-O",
            "win": "Ctrl-Shift-O"
        }
    }
}
