{
    "modes": {
        "installed-extensions": {
            "name": "Installed Extensions",
            "highlighter": "mode/zed_ui",
            "filenames": ["zed::zpm::installed"],

            "keys": {
                "Installed Packages:Execute Command": "Enter"
            },

            "commands": {
                "Installed Packages:Execute Command": {
                    "scriptUrl": "/default/zpm/installed_packages/execute.js",
                    "inputs": {
                        "lines": true,
                        "cursor": true
                    },
                    "internal": true
                }
            },

            "preferences": {
                "showGutter": false,
                "showPrintMargin": false
            },

            "handlers": {
                "click": ["Installed Packages:Execute Command"]
            }
        }
    },
    "commands": {
        "Tools:Zpm:Installed Packages": {
            "doc": "List packages that are already installed.",
            "scriptUrl": "/default/zpm/installed_packages.js",
            "readOnly": true
        },
        "Tools:Zpm:Install": {
            "doc": "Prompt to install a package.",
            "scriptUrl": "/default/zpm/install.js",
            "readOnly": true
        },
        "Tools:Zpm:Auto Update": {
            "doc": "Automatically update packages.",
            "scriptUrl": "/default/zpm/auto_update.js",
            "readOnly": true,
            "internal": true
        },
        "Tools:Zpm:Install From Config": {
            "doc": "Install packages from user configuration.",
            "scriptUrl": "/default/zpm/install_config.js",
            "readOnly": true,
            "internal": true
        }
    },
    "handlers": {
        "configchanged": ["Tools:Zpm:Install From Config", "Tools:Zpm:Auto Update"]
    }
}
