{
  "IcoMoonType": "selection",
  "icons": [
    {
      "icon": {
        "paths": [
          "M810 274l-238 238 238 238-60 60-238-238-238 238-60-60 238-238-238-238 60-60 238 238 238-238z"
        ],
        "attrs": [],
        "isMulticolor": false,
        "isMulticolor2": false,
        "tags": [
          "close"
        ],
        "defaultCode": 58829,
        "grid": 24
      },
      "attrs": [],
      "properties": {
        "ligatures": "clear, close",
        "id": 157,
        "order": 3,
        "prevSize": 24,
        "code": 58829,
        "name": "close"
      },
      "setIdx": 2,
      "setId": 3,
      "iconIdx": 157
    },
    {
      "icon": {
        "paths": [
          "M810 810v-596h-596v596h596zM810 128c46 0 86 40 86 86v596c0 46-40 86-86 86h-596c-46 0-86-40-86-86v-596c0-46 40-86 86-86h596z"
        ],
        "attrs": [],
        "isMulticolor": false,
        "isMulticolor2": false,
        "tags": [
          "crop_din"
        ],
        "defaultCode": 58305,
        "grid": 24
      },
      "attrs": [],
      "properties": {
        "ligatures": "crop_din",
        "id": 192,
        "order": 2,
        "prevSize": 24,
        "code": 58305,
        "name": "enlarge"
      },
      "setIdx": 2,
      "setId": 3,
      "iconIdx": 192
    },
    {
      "icon": {
        "paths": [
          "M426 170l86 86h342c46 0 84 40 84 86v426c0 46-38 86-84 86h-684c-46 0-84-40-84-86v-512c0-46 38-86 84-86h256z"
        ],
        "attrs": [],
        "isMulticolor": false,
        "isMulticolor2": false,
        "tags": [
          "folder"
        ],
        "defaultCode": 58055,
        "grid": 24
      },
      "attrs": [],
      "properties": {
        "ligatures": "folder",
        "id": 315,
        "order": 8,
        "prevSize": 24,
        "code": 58055,
        "name": "folder"
      },
      "setIdx": 2,
      "setId": 3,
      "iconIdx": 315
    },
    {
      "icon": {
        "paths": [
          "M682 256h86v512h-86v-512zM238 316l60-60 256 256-256 256-60-60 196-196z"
        ],
        "attrs": [],
        "isMulticolor": false,
        "isMulticolor2": false,
        "tags": [
          "last_page"
        ],
        "defaultCode": 58845,
        "grid": 24
      },
      "attrs": [],
      "properties": {
        "ligatures": "last_page",
        "id": 428,
        "order": 6,
        "prevSize": 24,
        "code": 58845,
        "name": "command"
      },
      "setIdx": 2,
      "setId": 3,
      "iconIdx": 428
    },
    {
      "icon": {
        "paths": [
          "M810 554h-596v-84h596v84z"
        ],
        "attrs": [],
        "isMulticolor": false,
        "isMulticolor2": false,
        "tags": [
          "remove"
        ],
        "defaultCode": 57691,
        "grid": 24
      },
      "attrs": [],
      "properties": {
        "ligatures": "remove",
        "id": 617,
        "order": 5,
        "prevSize": 24,
        "code": 57691,
        "name": "minimize"
      },
      "setIdx": 2,
      "setId": 3,
      "iconIdx": 617
    },
    {
      "icon": {
        "paths": [
          "M399.36 512c0 62.208 50.483 112.64 112.691 112.64s112.589-50.483 112.589-112.64c0-62.208-50.381-112.589-112.589-112.589s-112.691 50.381-112.691 112.589z"
        ],
        "attrs": [],
        "isMulticolor": false,
        "isMulticolor2": false,
        "tags": [
          "dot-single"
        ],
        "grid": 20
      },
      "attrs": [],
      "properties": {
        "id": 59,
        "order": 13,
        "prevSize": 20,
        "code": 59648,
        "name": "dot"
      },
      "setIdx": 3,
      "setId": 2,
      "iconIdx": 58
    },
    {
      "icon": {
        "paths": [
          "M905.779 241.92c-25.754-152.422-164.864-254.31-310.733-227.379-145.92 26.88-269.107 144.179-243.354 296.704 5.478 32.819 20.89 84.173 39.066 121.088l-264.96 395.418c-9.779 14.592-15.309 40.909-12.39 58.419l17.050 100.915c2.97 17.51 19.046 29.286 35.84 26.317l77.619-14.387c16.794-3.021 38.093-17.818 47.309-32.717l104.806-169.523 0.922-1.126 70.963-13.107 122.368-198.605c40.192 7.117 97.894 4.71 131.994-1.587 145.818-26.931 209.254-187.904 183.501-340.429zM776.499 320.102c-40.141 59.904-81.101 17.715-138.394-24.32-57.293-41.882-109.312-67.686-69.222-127.59 40.141-59.904 119.091-74.496 176.486-32.512 57.344 41.933 71.219 124.518 31.13 184.422z"
        ],
        "attrs": [],
        "isMulticolor": false,
        "isMulticolor2": false,
        "tags": [
          "key"
        ],
        "grid": 20
      },
      "attrs": [],
      "properties": {
        "id": 194,
        "order": 18,
        "prevSize": 20,
        "code": 59649,
        "name": "key"
      },
      "setIdx": 3,
      "setId": 2,
      "iconIdx": 193
    }
  ],
  "height": 1024,
  "metadata": {
    "name": "icomoon"
  },
  "preferences": {
    "showGlyphs": true,
    "showQuickUse": true,
    "showQuickUse2": true,
    "showSVGs": true,
    "fontPref": {
      "prefix": "icon-",
      "metadata": {
        "fontFamily": "icomoon"
      },
      "metrics": {
        "emSize": 1024,
        "baseline": 6.25,
        "whitespace": 50
      },
      "embed": false
    },
    "imagePref": {
      "prefix": "icon-",
      "png": true,
      "useClassSelector": true,
      "color": 0,
      "bgColor": 16777215,
      "classSelector": ".icon"
    },
    "historySize": 50,
    "showCodes": true,
    "gridSize": 16
  }
}